,CID10,DESC,JANEIRO,FEVEREIRO,MARÇO,ABRIL,MAIO,JUNHO,JULHO,AGOSTO,SETEMBRO,OUTUBRO,NOVEMBRO,DEZEMBRO,NUMCAP
0,A06,- Amebíase,6.0,7.0,12.0,3.0,7.0,11.0,3.0,2.0,3.0,7.0,4.0,4.0,1.0
1,A17,- Tuberculose do sistema nervoso,7.0,5.0,9.0,6.0,3.0,8.0,8.0,10.0,7.0,1.0,6.0,2.0,1.0
2,A18,- Tuberculose de outros órgãos,33.0,36.0,46.0,38.0,32.0,38.0,25.0,33.0,32.0,29.0,35.0,31.0,1.0
3,A19,- Tuberculose miliar,8.0,13.0,9.0,14.0,7.0,13.0,7.0,10.0,9.0,7.0,8.0,12.0,1.0
4,A26,- Erisipelóide,2.0,4.0,10.0,6.0,2.0,6.0,3.0,1.0,5.0,5.0,2.0,3.0,1.0
5,A27,- Leptospirose,15.0,18.0,32.0,31.0,32.0,17.0,16.0,12.0,12.0,8.0,10.0,3.0,1.0
6,A41,- Outras septicemias,26.0,33.0,41.0,47.0,46.0,51.0,30.0,49.0,25.0,26.0,27.0,38.0,1.0
7,A46,- Erisipela,185.0,308.0,397.0,364.0,377.0,364.0,212.0,274.0,216.0,163.0,210.0,202.0,1.0
8,A51,- Sífilis precoce,3.0,2.0,4.0,5.0,3.0,6.0,3.0,1.0,1.0,1.0,4.0,3.0,1.0
9,A52,- Sífilis tardia,2.0,2.0,12.0,12.0,3.0,10.0,8.0,6.0,9.0,9.0,6.0,5.0,1.0
10,A86,"- Encefalite viral, não especificada",4.0,4.0,10.0,6.0,5.0,7.0,3.0,9.0,8.0,11.0,8.0,2.0,1.0
11,A87,- Meningite viral,6.0,6.0,13.0,10.0,4.0,9.0,9.0,8.0,7.0,7.0,10.0,7.0,1.0
12,B01,- Varicela [Catapora],8.0,15.0,21.0,12.0,9.0,11.0,12.0,14.0,16.0,14.0,23.0,9.0,1.0
13,B02,- Herpes zoster [Zona],38.0,48.0,58.0,67.0,60.0,57.0,45.0,45.0,45.0,39.0,52.0,39.0,1.0
14,B07,- Verrugas de origem viral,15.0,21.0,24.0,22.0,19.0,20.0,28.0,21.0,14.0,13.0,23.0,20.0,1.0
15,B16,- Hepatite aguda B,18.0,12.0,30.0,15.0,28.0,16.0,12.0,13.0,15.0,9.0,11.0,6.0,1.0
16,B17,- Outras hepatites virais agudas,11.0,8.0,16.0,9.0,12.0,19.0,8.0,8.0,8.0,13.0,11.0,8.0,1.0
17,B18,- Hepatite viral crônica,76.0,126.0,126.0,134.0,118.0,118.0,101.0,117.0,69.0,65.0,58.0,75.0,1.0
18,B19,- Hepatite viral não especificada,14.0,7.0,14.0,11.0,19.0,19.0,10.0,11.0,9.0,5.0,4.0,1.0,1.0
19,B26,- Caxumba [Parotidite epidêmica],8.0,21.0,17.0,21.0,14.0,22.0,32.0,49.0,49.0,42.0,54.0,55.0,1.0
20,B27,- Mononucleose infecciosa,2.0,6.0,7.0,3.0,9.0,4.0,3.0,3.0,3.0,3.0,4.0,5.0,1.0
21,B30,- Conjuntivite viral,5.0,12.0,14.0,8.0,16.0,12.0,8.0,5.0,7.0,13.0,4.0,9.0,1.0
22,B36,- Outras micoses superficiais,1.0,6.0,6.0,4.0,2.0,6.0,7.0,3.0,4.0,2.0,4.0,3.0,1.0
23,B37,- Candidíase,1.0,8.0,3.0,4.0,1.0,3.0,4.0,4.0,1.0,1.0,3.0,2.0,1.0
24,B40,- Blastomicose,4.0,6.0,9.0,8.0,8.0,4.0,6.0,9.0,6.0,6.0,5.0,3.0,1.0
25,B41,- Paracoccidioidomicose,11.0,11.0,15.0,9.0,13.0,14.0,13.0,27.0,10.0,11.0,10.0,9.0,1.0
26,B42,- Esporotricose,8.0,9.0,16.0,13.0,7.0,13.0,10.0,10.0,15.0,9.0,12.0,7.0,1.0
27,B43,- Cromomicose e abscesso feomicótico,2.0,5.0,6.0,3.0,5.0,8.0,3.0,5.0,7.0,4.0,1.0,5.0,1.0
28,B44,- Aspergilose,3.0,4.0,2.0,7.0,2.0,2.0,3.0,4.0,3.0,5.0,3.0,8.0,1.0
29,B45,- Criptococose,6.0,12.0,9.0,12.0,8.0,6.0,5.0,7.0,9.0,2.0,7.0,4.0,1.0
30,B49,- Micose não especificada,5.0,6.0,6.0,3.0,2.0,1.0,1.0,3.0,4.0,2.0,1.0,1.0,1.0
31,B55,- Leishmaniose,37.0,68.0,111.0,60.0,65.0,55.0,39.0,46.0,44.0,54.0,61.0,49.0,1.0
32,B57,- Doença de Chagas,51.0,69.0,93.0,79.0,71.0,74.0,62.0,71.0,58.0,41.0,62.0,61.0,1.0
33,B58,- Toxoplasmose,26.0,45.0,53.0,54.0,35.0,49.0,31.0,33.0,41.0,39.0,22.0,31.0,1.0
34,B69,- Cisticercose,14.0,17.0,24.0,23.0,16.0,13.0,12.0,15.0,15.0,18.0,11.0,9.0,1.0
35,B86,- Escabiose [sarna],3.0,3.0,12.0,3.0,2.0,3.0,4.0,2.0,1.0,2.0,3.0,3.0,1.0
36,B91,- Seqüelas de poliomielite,17.0,29.0,32.0,30.0,32.0,35.0,27.0,23.0,26.0,9.0,18.0,16.0,1.0
37,B92,- Seqüelas de hanseníase [lepra],24.0,54.0,59.0,52.0,55.0,62.0,38.0,47.0,49.0,39.0,51.0,37.0,1.0
38,C01,- Neoplasia maligna da base da língua,19.0,35.0,39.0,46.0,28.0,29.0,20.0,29.0,18.0,25.0,24.0,18.0,2.0
39,C03,- Neoplasia maligna da gengiva,3.0,3.0,4.0,6.0,3.0,3.0,2.0,4.0,8.0,4.0,3.0,2.0,2.0
40,C05,- Neoplasia maligna do palato,6.0,22.0,19.0,25.0,21.0,19.0,19.0,14.0,19.0,10.0,12.0,15.0,2.0
41,C09,- Neoplasia maligna da amígdala,15.0,22.0,28.0,18.0,26.0,22.0,18.0,26.0,13.0,15.0,12.0,17.0,2.0
42,C10,- Neoplasia maligna da orofaringe,48.0,58.0,80.0,55.0,64.0,51.0,40.0,42.0,49.0,52.0,49.0,39.0,2.0
43,C11,- Neoplasia maligna da nasofaringe,17.0,21.0,33.0,23.0,26.0,23.0,22.0,24.0,20.0,19.0,20.0,27.0,2.0
44,C12,- Neoplasia maligna do seio piriforme,5.0,10.0,7.0,5.0,11.0,8.0,3.0,2.0,5.0,4.0,6.0,5.0,2.0
45,C13,- Neoplasia maligna da hipofaringe,19.0,11.0,28.0,26.0,10.0,9.0,12.0,11.0,15.0,10.0,18.0,24.0,2.0
46,C15,- Neoplasia maligna do esôfago,78.0,120.0,158.0,125.0,115.0,149.0,94.0,119.0,99.0,95.0,100.0,96.0,2.0
47,C16,- Neoplasia maligna do estômago,207.0,305.0,351.0,276.0,264.0,255.0,220.0,244.0,235.0,191.0,246.0,225.0,2.0
48,C18,- Neoplasia maligna do cólon,340.0,434.0,578.0,492.0,463.0,482.0,396.0,392.0,360.0,364.0,372.0,387.0,2.0
49,C20,- Neoplasia maligna do reto,189.0,236.0,293.0,257.0,231.0,227.0,199.0,240.0,194.0,196.0,227.0,212.0,2.0
50,C23,- Neoplasia maligna da vesícula biliar,12.0,14.0,18.0,22.0,6.0,15.0,13.0,20.0,7.0,12.0,17.0,15.0,2.0
51,C25,- Neoplasia maligna do pâncreas,63.0,89.0,124.0,90.0,102.0,109.0,86.0,107.0,82.0,74.0,84.0,85.0,2.0
52,C31,- Neoplasia maligna dos seios da face,9.0,6.0,16.0,13.0,10.0,13.0,11.0,15.0,10.0,11.0,7.0,8.0,2.0
53,C32,- Neoplasia maligna da laringe,67.0,93.0,131.0,98.0,110.0,85.0,61.0,105.0,90.0,73.0,75.0,62.0,2.0
54,C43,- Melanoma maligno da pele,82.0,90.0,113.0,108.0,119.0,109.0,77.0,105.0,84.0,81.0,84.0,62.0,2.0
55,C44,- Outras neoplasias malignas da pele,107.0,169.0,198.0,186.0,201.0,176.0,147.0,152.0,141.0,136.0,120.0,144.0,2.0
56,C46,- Sarcoma de Kaposi,4.0,10.0,7.0,7.0,5.0,7.0,5.0,8.0,4.0,6.0,9.0,5.0,2.0
57,C50,- Neoplasia maligna da mama,1437.0,1901.0,2434.0,2042.0,2014.0,1950.0,1611.0,1894.0,1704.0,1492.0,1689.0,1486.0,2.0
58,C51,- Neoplasia maligna da vulva,8.0,12.0,13.0,10.0,10.0,14.0,10.0,14.0,12.0,6.0,11.0,5.0,2.0
59,C52,- Neoplasia maligna da vagina,3.0,4.0,8.0,3.0,3.0,5.0,5.0,6.0,6.0,2.0,2.0,3.0,2.0
60,C53,- Neoplasia maligna do colo do útero,302.0,406.0,543.0,440.0,468.0,430.0,381.0,451.0,351.0,345.0,401.0,315.0,2.0
61,C54,- Neoplasia maligna do corpo do útero,64.0,105.0,117.0,111.0,111.0,111.0,87.0,89.0,87.0,70.0,93.0,79.0,2.0
62,C56,- Neoplasia maligna do ovário,102.0,156.0,188.0,166.0,174.0,166.0,124.0,129.0,131.0,141.0,145.0,123.0,2.0
63,C58,- Neoplasia maligna da placenta,4.0,5.0,10.0,7.0,4.0,5.0,7.0,3.0,8.0,7.0,6.0,6.0,2.0
64,C60,- Neoplasia maligna do pênis,16.0,27.0,49.0,29.0,34.0,26.0,24.0,28.0,14.0,18.0,24.0,20.0,2.0
65,C61,- Neoplasia maligna da próstata,420.0,620.0,752.0,656.0,624.0,595.0,443.0,566.0,515.0,452.0,480.0,468.0,2.0
66,C62,- Neoplasia maligna dos testículos,81.0,117.0,140.0,102.0,125.0,117.0,93.0,101.0,98.0,82.0,102.0,91.0,2.0
67,C65,- Neoplasia maligna da pelve renal,3.0,3.0,7.0,6.0,3.0,6.0,7.0,9.0,4.0,9.0,12.0,8.0,2.0
68,C67,- Neoplasia maligna da bexiga,73.0,95.0,108.0,96.0,95.0,78.0,91.0,86.0,73.0,54.0,60.0,75.0,2.0
69,C69,- Neoplasia maligna do olho e anexos,17.0,15.0,17.0,13.0,13.0,16.0,12.0,16.0,16.0,14.0,7.0,13.0,2.0
70,C70,- Neoplasia maligna das meninges,6.0,8.0,10.0,9.0,16.0,7.0,4.0,7.0,8.0,5.0,6.0,7.0,2.0
71,C71,- Neoplasia maligna do encéfalo,119.0,170.0,213.0,177.0,154.0,152.0,119.0,146.0,116.0,132.0,128.0,129.0,2.0
72,C81,- Doença de Hodgkin,85.0,120.0,152.0,111.0,107.0,116.0,85.0,107.0,115.0,82.0,106.0,100.0,2.0
73,C83,- Linfoma não-Hodgkin difuso,80.0,95.0,135.0,113.0,91.0,115.0,84.0,84.0,66.0,84.0,65.0,66.0,2.0
74,C91,- Leucemia linfóide,47.0,50.0,64.0,57.0,55.0,63.0,52.0,60.0,52.0,48.0,48.0,38.0,2.0
75,C92,- Leucemia mielóide,86.0,93.0,143.0,119.0,130.0,113.0,98.0,93.0,98.0,88.0,84.0,88.0,2.0
76,D03,- Melanoma in situ,9.0,6.0,12.0,10.0,13.0,12.0,7.0,14.0,15.0,14.0,7.0,9.0,2.0
77,D04,- Carcinoma in situ da pele,25.0,39.0,54.0,47.0,36.0,36.0,24.0,29.0,21.0,26.0,27.0,26.0,2.0
78,D05,- Carcinoma in situ da mama,14.0,24.0,23.0,31.0,25.0,17.0,21.0,25.0,26.0,9.0,23.0,15.0,2.0
79,D17,- Neoplasia lipomatosa benigna,52.0,91.0,117.0,82.0,105.0,104.0,89.0,110.0,87.0,69.0,88.0,76.0,2.0
80,D22,- Nevos melanocíticos,8.0,8.0,13.0,6.0,9.0,13.0,5.0,9.0,13.0,6.0,8.0,7.0,2.0
81,D23,- Outras neoplasias benignas da pele,18.0,22.0,31.0,27.0,27.0,31.0,29.0,33.0,25.0,23.0,27.0,25.0,2.0
82,D24,- Neoplasia benigna da mama,39.0,45.0,88.0,63.0,65.0,65.0,58.0,69.0,66.0,48.0,48.0,48.0,2.0
83,D25,- Leiomioma do útero,3716.0,5203.0,6816.0,5714.0,5933.0,5897.0,4765.0,5686.0,4968.0,4514.0,4761.0,4239.0,2.0
84,D26,- Outras neoplasias benignas do útero,68.0,74.0,92.0,94.0,110.0,87.0,55.0,89.0,69.0,62.0,65.0,81.0,2.0
85,D27,- Neoplasia benigna do ovário,107.0,182.0,242.0,195.0,182.0,214.0,148.0,173.0,141.0,158.0,144.0,123.0,2.0
86,D31,- Neoplasia benigna do olho e anexos,2.0,4.0,3.0,2.0,4.0,3.0,5.0,2.0,5.0,3.0,3.0,4.0,2.0
87,D32,- Neoplasia benigna das meninges,34.0,49.0,74.0,55.0,60.0,51.0,45.0,43.0,45.0,41.0,53.0,42.0,2.0
88,D45,- Policitemia vera,4.0,2.0,7.0,3.0,4.0,3.0,4.0,2.0,2.0,3.0,4.0,1.0,2.0
89,D46,- Síndromes mielodisplásicas,14.0,10.0,23.0,13.0,30.0,23.0,13.0,26.0,10.0,12.0,13.0,15.0,2.0
90,D53,- Outras anemias nutricionais,2.0,5.0,13.0,10.0,12.0,4.0,5.0,5.0,2.0,8.0,3.0,5.0,3.0
91,D57,- Transtornos falciformes,18.0,37.0,52.0,37.0,31.0,27.0,24.0,31.0,31.0,24.0,25.0,21.0,3.0
92,D59,- Anemia hemolítica adquirida,8.0,12.0,24.0,7.0,13.0,19.0,10.0,9.0,11.0,11.0,10.0,10.0,3.0
93,D61,- Outras anemias aplásticas,8.0,16.0,29.0,21.0,18.0,14.0,12.0,12.0,12.0,10.0,10.0,6.0,3.0
94,D62,- Anemia aguda pós-hemorrágica,19.0,14.0,14.0,14.0,13.0,25.0,10.0,17.0,12.0,9.0,7.0,8.0,3.0
95,D64,- Outras anemias,37.0,29.0,44.0,55.0,47.0,43.0,38.0,32.0,37.0,22.0,20.0,38.0,3.0
96,D68,- Outros defeitos da coagulação,11.0,17.0,25.0,28.0,20.0,26.0,13.0,24.0,19.0,17.0,16.0,17.0,3.0
97,D73,- Doenças do baço,10.0,23.0,21.0,21.0,16.0,9.0,13.0,24.0,10.0,15.0,10.0,17.0,3.0
98,D86,- Sarcoidose,7.0,5.0,15.0,8.0,14.0,14.0,8.0,7.0,3.0,7.0,9.0,7.0,3.0
99,E03,- Outros hipotireoidismos,34.0,35.0,36.0,41.0,25.0,35.0,21.0,39.0,40.0,17.0,35.0,26.0,4.0
100,E04,- Outros bócios não-tóxicos,82.0,112.0,161.0,124.0,135.0,122.0,125.0,134.0,100.0,103.0,100.0,105.0,4.0
101,E05,- Tireotoxicose [hipertireoidismo],63.0,85.0,98.0,94.0,87.0,91.0,77.0,82.0,67.0,56.0,60.0,58.0,4.0
102,E06,- Tireoidite,25.0,29.0,46.0,26.0,37.0,36.0,25.0,27.0,27.0,17.0,21.0,11.0,4.0
103,E07,- Outros transtornos da tireóide,19.0,39.0,30.0,30.0,35.0,32.0,25.0,30.0,32.0,27.0,26.0,26.0,4.0
104,E14,- Diabetes mellitus não especificado,127.0,142.0,242.0,203.0,179.0,195.0,128.0,167.0,163.0,125.0,139.0,110.0,4.0
105,E22,- Hiperfunção da hipófise,5.0,6.0,10.0,16.0,21.0,8.0,7.0,7.0,7.0,9.0,8.0,5.0,4.0
106,E24,- Síndrome de Cushing,4.0,5.0,2.0,4.0,6.0,6.0,5.0,8.0,4.0,3.0,9.0,7.0,4.0
107,E28,- Disfunção ovariana,4.0,5.0,3.0,4.0,4.0,6.0,2.0,8.0,3.0,3.0,1.0,3.0,4.0
108,E66,- Obesidade,1009.0,1294.0,1652.0,1448.0,1501.0,1501.0,1227.0,1442.0,1283.0,1187.0,1175.0,1112.0,4.0
109,E68,- Seqüelas de hiperalimentação,5.0,4.0,1.0,3.0,3.0,2.0,5.0,2.0,3.0,3.0,1.0,5.0,4.0
110,E88,- Outros distúrbios metabólicos,111.0,160.0,183.0,179.0,190.0,176.0,157.0,170.0,155.0,122.0,163.0,114.0,4.0
111,I06,- Doenças reumáticas da valva aórtica,49.0,58.0,93.0,87.0,67.0,71.0,57.0,74.0,58.0,50.0,51.0,36.0,9.0
112,I08,- Doenças de múltiplas valvas,9.0,18.0,22.0,16.0,14.0,14.0,20.0,15.0,9.0,11.0,8.0,16.0,9.0
113,I11,- Doença cardíaca hipertensiva,88.0,117.0,135.0,122.0,129.0,130.0,93.0,115.0,98.0,70.0,80.0,86.0,9.0
114,I12,- Doença renal hipertensiva,9.0,6.0,12.0,6.0,5.0,6.0,4.0,3.0,5.0,4.0,6.0,4.0,9.0
115,I13,- Doença cardíaca e renal hipertensiva,2.0,8.0,6.0,4.0,3.0,2.0,2.0,4.0,3.0,2.0,4.0,1.0,9.0
116,I15,- Hipertensão secundária,9.0,14.0,18.0,18.0,11.0,9.0,10.0,15.0,13.0,9.0,14.0,17.0,9.0
117,I21,- Infarto agudo do miocárdio,785.0,1058.0,1373.0,1142.0,1126.0,1067.0,896.0,1051.0,921.0,810.0,946.0,822.0,9.0
118,I22,- Infarto do miocárdio recorrente,8.0,12.0,5.0,6.0,7.0,3.0,6.0,6.0,6.0,10.0,5.0,5.0,9.0
119,I25,- Doença isquêmica crônica do coração,514.0,747.0,967.0,835.0,817.0,760.0,617.0,786.0,616.0,556.0,645.0,580.0,9.0
120,I31,- Outras doenças do pericárdio,3.0,6.0,11.0,21.0,12.0,18.0,11.0,12.0,11.0,7.0,10.0,8.0,9.0
121,I33,- Endocardite aguda e subaguda,11.0,21.0,33.0,27.0,27.0,31.0,25.0,26.0,20.0,16.0,19.0,11.0,9.0
122,I37,- Transtornos da valva pulmonar,1.0,4.0,4.0,5.0,6.0,4.0,4.0,4.0,3.0,6.0,1.0,2.0,9.0
123,I38,- Endocardite de valva não especificada,3.0,8.0,4.0,3.0,3.0,2.0,2.0,2.0,5.0,2.0,4.0,4.0,9.0
124,I40,- Miocardite aguda,13.0,16.0,26.0,17.0,22.0,15.0,14.0,20.0,19.0,16.0,19.0,10.0,9.0
125,I42,- Cardiomiopatias,137.0,192.0,277.0,204.0,219.0,202.0,171.0,204.0,146.0,168.0,177.0,154.0,9.0
126,I45,- Outros transtornos de condução,15.0,19.0,26.0,21.0,21.0,21.0,17.0,17.0,17.0,16.0,14.0,14.0,9.0
127,I46,- Parada cardíaca,5.0,4.0,7.0,12.0,13.0,17.0,8.0,6.0,9.0,11.0,13.0,9.0,9.0
128,I47,- Taquicardia paroxística,39.0,69.0,65.0,76.0,72.0,69.0,57.0,60.0,62.0,53.0,51.0,48.0,9.0
129,I48,- Flutter e fibrilação atrial,62.0,89.0,105.0,92.0,88.0,92.0,71.0,86.0,65.0,73.0,61.0,59.0,9.0
130,I49,- Outras arritmias cardíacas,114.0,184.0,223.0,175.0,221.0,195.0,182.0,188.0,155.0,148.0,145.0,119.0,9.0
131,I50,- Insuficiência cardíaca,475.0,745.0,985.0,820.0,810.0,783.0,650.0,783.0,684.0,564.0,675.0,580.0,9.0
132,I61,- Hemorragia intracerebral,59.0,79.0,123.0,94.0,91.0,85.0,81.0,74.0,90.0,73.0,83.0,73.0,9.0
133,I63,- Infarto cerebral,195.0,251.0,336.0,254.0,243.0,223.0,205.0,204.0,209.0,179.0,177.0,185.0,9.0
134,I67,- Outras doenças cerebrovasculares,118.0,190.0,219.0,165.0,177.0,154.0,123.0,153.0,125.0,107.0,144.0,117.0,9.0
135,I71,- Aneurisma e dissecção da aorta,72.0,98.0,105.0,104.0,89.0,95.0,79.0,94.0,76.0,71.0,74.0,71.0,9.0
136,I72,- Outros aneurismas,22.0,51.0,47.0,42.0,42.0,42.0,36.0,51.0,40.0,27.0,47.0,22.0,9.0
137,I73,- Outras doenças vasculares periféricas,61.0,90.0,106.0,87.0,88.0,87.0,85.0,107.0,91.0,67.0,71.0,69.0,9.0
138,I74,- Embolia e trombose arteriais,86.0,101.0,141.0,90.0,99.0,103.0,92.0,120.0,89.0,83.0,103.0,84.0,9.0
139,I81,- Trombose da veia porta,9.0,9.0,12.0,5.0,9.0,10.0,9.0,18.0,10.0,7.0,5.0,6.0,9.0
140,I82,- Outra embolia e trombose venosas,256.0,387.0,525.0,443.0,400.0,409.0,317.0,351.0,365.0,308.0,362.0,262.0,9.0
141,I83,- Varizes dos membros inferiores,2713.0,3655.0,4881.0,4298.0,4202.0,4156.0,3473.0,3961.0,3293.0,2792.0,2959.0,2516.0,9.0
142,I84,- Hemorróidas,725.0,978.0,1264.0,1161.0,1115.0,1218.0,939.0,1078.0,1034.0,864.0,922.0,751.0,9.0
143,I85,- Varizes esofagianas,14.0,27.0,31.0,26.0,27.0,25.0,13.0,26.0,17.0,13.0,13.0,15.0,9.0
144,I86,- Varizes de outras localizações,117.0,191.0,239.0,202.0,191.0,197.0,159.0,167.0,162.0,120.0,146.0,131.0,9.0
145,I87,- Outros transtornos das veias,168.0,202.0,271.0,243.0,197.0,197.0,189.0,171.0,162.0,138.0,142.0,116.0,9.0
146,I88,- Linfadenite inespecífica,6.0,7.0,8.0,10.0,12.0,8.0,6.0,6.0,4.0,5.0,5.0,3.0,9.0
147,F01,- Demência vascular,4.0,10.0,11.0,7.0,7.0,10.0,4.0,9.0,3.0,7.0,10.0,4.0,5.0
148,F03,- Demência não especificada,8.0,17.0,21.0,35.0,27.0,24.0,15.0,29.0,19.0,16.0,19.0,17.0,5.0
149,F21,- Transtorno esquizotípico,26.0,20.0,38.0,26.0,35.0,29.0,21.0,35.0,17.0,14.0,24.0,17.0,5.0
150,F22,- Transtornos delirantes persistentes,38.0,48.0,69.0,55.0,50.0,45.0,48.0,49.0,44.0,40.0,48.0,35.0,5.0
151,F25,- Transtornos esquizoafetivos,124.0,133.0,222.0,190.0,158.0,176.0,142.0,136.0,133.0,120.0,121.0,112.0,5.0
152,F31,- Transtorno afetivo bipolar,1149.0,1534.0,1922.0,1566.0,1607.0,1586.0,1251.0,1358.0,1245.0,1153.0,1242.0,1136.0,5.0
153,F32,- Episódios depressivos,3329.0,4560.0,5720.0,4678.0,4770.0,4702.0,3752.0,4155.0,3744.0,3567.0,3597.0,3183.0,5.0
154,F33,- Transtorno depressivo recorrente,1434.0,1915.0,2432.0,2169.0,2221.0,2156.0,1685.0,1912.0,1655.0,1447.0,1608.0,1444.0,5.0
155,F41,- Outros transtornos ansiosos,1965.0,2635.0,3510.0,2819.0,2924.0,2839.0,2267.0,2514.0,2361.0,2279.0,2374.0,2087.0,5.0
156,F42,- Transtorno obsessivo-compulsivo,64.0,65.0,84.0,72.0,89.0,76.0,57.0,68.0,55.0,59.0,74.0,57.0,5.0
157,F45,- Transtornos somatoformes,28.0,28.0,41.0,48.0,40.0,44.0,38.0,35.0,30.0,31.0,37.0,20.0,5.0
158,F48,- Outros transtornos neuróticos,14.0,19.0,18.0,20.0,23.0,19.0,9.0,9.0,11.0,10.0,13.0,6.0,5.0
159,F71,- Retardo mental moderado,8.0,11.0,14.0,8.0,23.0,13.0,7.0,7.0,12.0,12.0,8.0,8.0,5.0
160,F79,- Retardo mental não especificado,1.0,7.0,9.0,8.0,5.0,9.0,5.0,5.0,3.0,6.0,2.0,1.0,5.0
161,F91,- Distúrbios de conduta,1.0,2.0,4.0,1.0,3.0,3.0,2.0,1.0,1.0,3.0,1.0,3.0,5.0
162,G04,"- Encefalite, mielite e encefalomielite",7.0,21.0,20.0,11.0,26.0,21.0,18.0,24.0,13.0,14.0,16.0,13.0,6.0
163,G11,- Ataxia hereditária,15.0,30.0,39.0,29.0,34.0,26.0,24.0,16.0,31.0,21.0,26.0,25.0,6.0
164,G21,- Parkinsonismo secundário,10.0,8.0,11.0,7.0,9.0,8.0,5.0,6.0,3.0,6.0,2.0,6.0,6.0
165,G24,- Distonia,8.0,14.0,15.0,15.0,14.0,12.0,19.0,14.0,16.0,12.0,11.0,8.0,6.0
166,G41,- Estado de mal epiléptico,8.0,8.0,3.0,6.0,4.0,1.0,11.0,8.0,8.0,6.0,4.0,7.0,6.0
167,G43,- Enxaqueca,35.0,72.0,68.0,65.0,69.0,59.0,43.0,47.0,71.0,52.0,53.0,54.0,6.0
168,G44,- Outras síndromes de algias cefálicas,25.0,32.0,40.0,44.0,35.0,31.0,44.0,35.0,24.0,31.0,25.0,17.0,6.0
169,G47,- Distúrbios do sono,23.0,25.0,43.0,30.0,33.0,28.0,27.0,32.0,18.0,23.0,23.0,20.0,6.0
170,G51,- Transtornos do nervo facial,90.0,127.0,162.0,120.0,130.0,97.0,114.0,115.0,113.0,115.0,111.0,94.0,6.0
171,G58,- Outras mononeuropatias,21.0,40.0,43.0,27.0,32.0,29.0,40.0,40.0,27.0,29.0,32.0,20.0,6.0
172,G61,- Polineuropatia inflamatória,46.0,87.0,111.0,120.0,123.0,104.0,77.0,94.0,65.0,52.0,74.0,46.0,6.0
173,G62,- Outras polineuropatias,45.0,66.0,69.0,90.0,73.0,82.0,57.0,72.0,51.0,41.0,49.0,44.0,6.0
174,G71,- Transtornos primários dos músculos,14.0,26.0,31.0,23.0,28.0,35.0,23.0,15.0,21.0,18.0,24.0,15.0,6.0
175,G72,- Outras miopatias,11.0,13.0,13.0,4.0,8.0,17.0,4.0,6.0,6.0,9.0,8.0,7.0,6.0
176,G81,- Hemiplegia,22.0,28.0,28.0,28.0,44.0,31.0,23.0,21.0,24.0,19.0,15.0,19.0,6.0
177,G82,- Paraplegia e tetraplegia,35.0,83.0,81.0,77.0,67.0,76.0,51.0,56.0,50.0,36.0,47.0,44.0,6.0
178,G83,- Outras síndromes paralíticas,17.0,33.0,36.0,20.0,37.0,26.0,22.0,25.0,23.0,21.0,14.0,15.0,6.0
179,G91,- Hidrocefalia,33.0,53.0,69.0,66.0,65.0,49.0,40.0,44.0,43.0,42.0,51.0,36.0,6.0
180,G93,- Outros transtornos do encéfalo,43.0,30.0,55.0,62.0,51.0,62.0,63.0,43.0,37.0,31.0,40.0,36.0,6.0
181,G95,- Outras doenças da medula espinal,22.0,27.0,41.0,42.0,35.0,36.0,24.0,36.0,27.0,28.0,27.0,26.0,6.0
182,H01,- Outras inflamações da pálpebra,7.0,3.0,2.0,2.0,3.0,1.0,1.0,7.0,4.0,2.0,3.0,4.0,7.0
183,H02,- Outros transtornos da pálpebra,42.0,43.0,82.0,64.0,74.0,60.0,59.0,68.0,61.0,52.0,56.0,34.0,7.0
184,H04,- Transtornos do aparelho lacrimal,3.0,11.0,17.0,8.0,7.0,18.0,6.0,12.0,8.0,11.0,10.0,10.0,7.0
185,H05,- Transtornos da órbita,8.0,17.0,11.0,6.0,14.0,7.0,10.0,9.0,7.0,6.0,5.0,7.0,7.0
186,H11,- Outros transtornos da conjuntiva,294.0,404.0,603.0,539.0,527.0,514.0,409.0,517.0,441.0,379.0,428.0,338.0,7.0
187,H16,- Ceratite,59.0,114.0,118.0,124.0,133.0,102.0,87.0,119.0,86.0,82.0,77.0,78.0,7.0
188,H17,- Cicatrizes e opacidades da córnea,14.0,12.0,26.0,33.0,22.0,20.0,21.0,16.0,13.0,13.0,19.0,14.0,7.0
189,H18,- Outros transtornos da córnea,124.0,166.0,220.0,190.0,166.0,196.0,176.0,170.0,172.0,141.0,152.0,137.0,7.0
190,H20,- Iridociclite,12.0,23.0,28.0,22.0,21.0,23.0,15.0,17.0,17.0,13.0,16.0,11.0,7.0
191,H26,- Outras cataratas,250.0,334.0,465.0,416.0,387.0,446.0,368.0,421.0,353.0,341.0,346.0,306.0,7.0
192,H27,- Outros transtornos do cristalino,3.0,10.0,7.0,6.0,12.0,7.0,9.0,13.0,13.0,5.0,8.0,5.0,7.0
193,H31,- Outros transtornos da coróide,20.0,15.0,32.0,24.0,21.0,12.0,10.0,14.0,19.0,20.0,15.0,8.0,7.0
194,H33,- Descolamentos e defeitos da retina,243.0,376.0,451.0,404.0,432.0,404.0,341.0,322.0,315.0,311.0,338.0,326.0,7.0
195,H34,- Oclusões vasculares da retina,21.0,20.0,34.0,26.0,21.0,32.0,23.0,23.0,24.0,20.0,21.0,16.0,7.0
196,H35,- Outros transtornos da retina,106.0,148.0,178.0,161.0,153.0,148.0,132.0,135.0,123.0,124.0,115.0,99.0,7.0
197,H44,- Transtornos do globo ocular,30.0,37.0,37.0,34.0,35.0,39.0,33.0,27.0,26.0,24.0,30.0,17.0,7.0
198,H50,- Outros estrabismos,21.0,36.0,31.0,38.0,29.0,38.0,28.0,19.0,26.0,24.0,18.0,15.0,7.0
199,H54,- Cegueira e visão subnormal,335.0,462.0,648.0,589.0,567.0,610.0,469.0,541.0,400.0,365.0,399.0,329.0,7.0
200,H57,- Outros transtornos do olho e anexos,7.0,13.0,23.0,25.0,13.0,15.0,5.0,13.0,9.0,5.0,7.0,8.0,7.0
201,H70,- Mastoidite e afecções correlatas,20.0,15.0,19.0,26.0,22.0,23.0,13.0,27.0,14.0,15.0,22.0,17.0,8.0
202,H71,- Colesteatoma do ouvido médio,12.0,8.0,23.0,25.0,26.0,11.0,18.0,27.0,19.0,12.0,14.0,11.0,8.0
203,H81,- Transtornos da função vestibular,45.0,58.0,96.0,58.0,73.0,75.0,60.0,63.0,51.0,50.0,61.0,41.0,8.0
204,H91,- Outras perdas de audição,6.0,10.0,18.0,14.0,18.0,7.0,8.0,9.0,5.0,8.0,13.0,7.0,8.0
205,H92,- Otalgia e secreção auditiva,6.0,10.0,7.0,14.0,11.0,11.0,7.0,9.0,6.0,8.0,4.0,6.0,8.0
206,J01,- Sinusite aguda,14.0,24.0,41.0,26.0,38.0,30.0,35.0,43.0,31.0,25.0,30.0,19.0,10.0
207,J02,- Faringite aguda,1.0,3.0,3.0,3.0,4.0,6.0,2.0,6.0,1.0,3.0,3.0,2.0,10.0
208,J03,- Amigdalite aguda,9.0,9.0,21.0,17.0,13.0,10.0,8.0,16.0,10.0,10.0,11.0,10.0,10.0
209,J04,- Laringite e traqueíte agudas,7.0,3.0,10.0,11.0,3.0,7.0,5.0,4.0,11.0,7.0,10.0,4.0,10.0
210,J32,- Sinusite crônica,40.0,59.0,56.0,58.0,55.0,55.0,66.0,66.0,43.0,40.0,50.0,44.0,10.0
211,J33,- Pólipo nasal,10.0,14.0,18.0,17.0,12.0,28.0,12.0,14.0,13.0,11.0,20.0,12.0,10.0
212,J36,- Abscesso periamigdaliano,2.0,10.0,11.0,8.0,5.0,2.0,3.0,4.0,2.0,3.0,4.0,2.0,10.0
213,J37,- Laringite e laringotraqueíte crônicas,7.0,13.0,20.0,13.0,21.0,14.0,11.0,7.0,16.0,15.0,12.0,9.0,10.0
214,J42,- Bronquite crônica não especificada,7.0,5.0,11.0,11.0,17.0,29.0,12.0,14.0,14.0,9.0,11.0,10.0,10.0
215,J43,- Enfisema,41.0,42.0,55.0,59.0,66.0,45.0,51.0,64.0,31.0,33.0,31.0,52.0,10.0
216,J45,- Asma,146.0,197.0,264.0,214.0,254.0,300.0,240.0,263.0,197.0,172.0,176.0,144.0,10.0
217,J47,- Bronquectasia,12.0,31.0,38.0,34.0,29.0,29.0,27.0,28.0,20.0,20.0,29.0,18.0,10.0
218,J86,- Piotórax,8.0,17.0,15.0,12.0,12.0,15.0,10.0,9.0,16.0,8.0,7.0,8.0,10.0
219,J93,- Pneumotórax,55.0,72.0,81.0,74.0,56.0,66.0,60.0,63.0,59.0,46.0,48.0,56.0,10.0
220,J94,- Outras afecções pleurais,11.0,24.0,29.0,21.0,22.0,24.0,30.0,17.0,13.0,17.0,18.0,15.0,10.0
221,J98,- Outros transtornos respiratórios,15.0,18.0,16.0,15.0,23.0,26.0,18.0,32.0,16.0,17.0,16.0,17.0,10.0
222,K01,- Dentes inclusos e impactados,1.0,10.0,7.0,7.0,9.0,8.0,13.0,14.0,12.0,3.0,7.0,14.0,11.0
223,K05,- Gengivite e doenças periodontais,4.0,3.0,6.0,2.0,3.0,7.0,1.0,3.0,4.0,2.0,3.0,6.0,11.0
224,K10,- Outras doenças dos maxilares,10.0,14.0,17.0,13.0,15.0,13.0,8.0,12.0,10.0,15.0,15.0,13.0,11.0
225,K11,- Doenças das glândulas salivares,11.0,12.0,14.0,12.0,18.0,11.0,16.0,15.0,10.0,8.0,9.0,8.0,11.0
226,K21,- Doença de refluxo gastroesofágico,84.0,120.0,150.0,136.0,140.0,137.0,87.0,157.0,119.0,104.0,116.0,87.0,11.0
227,K22,- Outras doenças do esôfago,16.0,30.0,49.0,31.0,37.0,38.0,32.0,31.0,26.0,26.0,35.0,30.0,11.0
228,K25,- Úlcera gástrica,47.0,79.0,112.0,99.0,85.0,79.0,78.0,90.0,74.0,56.0,70.0,62.0,11.0
229,K26,- Úlcera duodenal,30.0,26.0,51.0,38.0,46.0,66.0,42.0,38.0,49.0,31.0,32.0,23.0,11.0
230,K28,- Úlcera gastrojejunal,1.0,8.0,1.0,3.0,3.0,1.0,3.0,7.0,2.0,3.0,3.0,4.0,11.0
231,K29,- Gastrite e duodenite,50.0,59.0,79.0,72.0,50.0,81.0,57.0,47.0,35.0,50.0,42.0,50.0,11.0
232,K30,- Dispepsia,4.0,6.0,9.0,7.0,10.0,13.0,7.0,8.0,9.0,3.0,9.0,8.0,11.0
233,K36,- Outras formas de apendicite,15.0,23.0,26.0,16.0,17.0,18.0,19.0,26.0,17.0,14.0,19.0,15.0,11.0
234,K38,- Outras doenças do apêndice,9.0,16.0,19.0,8.0,12.0,13.0,16.0,9.0,8.0,11.0,8.0,4.0,11.0
235,K41,- Hérnia femoral,19.0,39.0,51.0,39.0,37.0,43.0,33.0,28.0,30.0,46.0,33.0,35.0,11.0
236,K42,- Hérnia umbilical,1606.0,2282.0,2916.0,2515.0,2489.0,2472.0,2002.0,2387.0,2077.0,1913.0,1986.0,1754.0,11.0
237,K43,- Hérnia ventral,591.0,767.0,1027.0,845.0,847.0,892.0,649.0,864.0,778.0,667.0,713.0,627.0,11.0
238,K44,- Hérnia diafragmática,23.0,47.0,61.0,45.0,47.0,55.0,27.0,36.0,35.0,40.0,37.0,31.0,11.0
239,K45,- Outras hérnias abdominais,142.0,196.0,233.0,188.0,191.0,210.0,147.0,204.0,177.0,138.0,168.0,140.0,11.0
240,K46,- Hérnia abdominal não especificada,449.0,537.0,734.0,579.0,638.0,666.0,530.0,637.0,572.0,503.0,524.0,471.0,11.0
241,K51,- Colite ulcerativa,78.0,101.0,151.0,134.0,124.0,104.0,103.0,92.0,108.0,88.0,91.0,84.0,11.0
242,K57,- Doença diverticular do intestino,66.0,78.0,130.0,73.0,105.0,94.0,70.0,88.0,71.0,65.0,70.0,57.0,11.0
243,K61,- Abscesso das regiões anal e retal,62.0,124.0,138.0,114.0,117.0,109.0,90.0,104.0,88.0,85.0,94.0,56.0,11.0
244,K62,- Outras doenças do reto e do ânus,33.0,59.0,88.0,54.0,67.0,54.0,62.0,55.0,55.0,58.0,53.0,42.0,11.0
245,K63,- Outras doenças do intestino,30.0,54.0,72.0,49.0,59.0,46.0,48.0,45.0,37.0,33.0,51.0,46.0,11.0
246,K66,- Outros transtornos do peritônio,13.0,29.0,29.0,25.0,25.0,22.0,14.0,19.0,17.0,19.0,15.0,9.0,11.0
247,K71,- Doença hepática tóxica,11.0,14.0,19.0,12.0,16.0,10.0,7.0,11.0,9.0,11.0,7.0,13.0,11.0
248,K74,- Fibrose e cirrose hepáticas,77.0,92.0,127.0,115.0,113.0,102.0,71.0,106.0,71.0,79.0,81.0,100.0,11.0
249,K76,- Outras doenças do fígado,28.0,41.0,59.0,57.0,40.0,55.0,40.0,48.0,48.0,31.0,41.0,47.0,11.0
250,K81,- Colecistite,791.0,1098.0,1405.0,1182.0,1140.0,1118.0,909.0,1092.0,963.0,832.0,919.0,757.0,11.0
251,K82,- Outras doenças da vesícula biliar,50.0,43.0,57.0,58.0,55.0,64.0,42.0,57.0,49.0,54.0,52.0,34.0,11.0
252,K83,- Outras doenças das vias biliares,46.0,61.0,67.0,67.0,55.0,61.0,43.0,67.0,43.0,50.0,46.0,35.0,11.0
253,K85,- Pancreatite aguda,140.0,174.0,229.0,205.0,204.0,203.0,160.0,157.0,124.0,133.0,149.0,129.0,11.0
254,K86,- Outras doenças do pâncreas,33.0,34.0,55.0,53.0,51.0,49.0,41.0,40.0,34.0,34.0,33.0,48.0,11.0
255,L01,- Impetigo,1.0,6.0,6.0,3.0,6.0,6.0,3.0,4.0,5.0,7.0,1.0,3.0,12.0
256,L02,"- Abscesso cutâneo, furúnculo e antraz",184.0,244.0,343.0,300.0,320.0,278.0,225.0,268.0,228.0,193.0,211.0,195.0,12.0
257,L03,- Celulite (Flegmão),93.0,137.0,153.0,165.0,151.0,161.0,118.0,125.0,104.0,103.0,96.0,94.0,12.0
258,L04,- Linfadenite aguda,3.0,5.0,6.0,6.0,7.0,6.0,5.0,3.0,4.0,6.0,5.0,4.0,12.0
259,L05,- Cisto pilonidal,233.0,326.0,433.0,333.0,343.0,353.0,277.0,324.0,309.0,271.0,270.0,246.0,12.0
260,L13,- Outras afecções bolhosas,2.0,10.0,5.0,5.0,6.0,1.0,6.0,6.0,1.0,4.0,8.0,1.0,12.0
261,L23,- Dermatites alérgicas de contato,54.0,110.0,109.0,115.0,125.0,123.0,85.0,97.0,91.0,73.0,85.0,60.0,12.0
262,L24,- Dermatites de contato por irritantes,17.0,19.0,43.0,25.0,19.0,20.0,11.0,13.0,20.0,12.0,10.0,7.0,12.0
263,L26,- Dermatite esfoliativa,3.0,8.0,8.0,3.0,4.0,4.0,4.0,4.0,2.0,6.0,8.0,2.0,12.0
264,L28,- Líquen simples crônico e prurigo,3.0,10.0,9.0,2.0,5.0,3.0,3.0,2.0,2.0,2.0,4.0,3.0,12.0
265,L30,- Outras dermatites,28.0,59.0,62.0,50.0,51.0,52.0,48.0,45.0,28.0,31.0,30.0,30.0,12.0
266,L41,- Parapsoríase,5.0,2.0,1.0,2.0,1.0,1.0,1.0,1.0,1.0,1.0,2.0,1.0,12.0
267,L43,- Líquen plano,2.0,11.0,6.0,6.0,6.0,5.0,1.0,6.0,5.0,1.0,3.0,2.0,12.0
268,L52,- Eritema nodoso,8.0,8.0,13.0,10.0,7.0,4.0,10.0,8.0,8.0,7.0,5.0,10.0,12.0
269,L71,- Rosácea,5.0,8.0,3.0,5.0,4.0,3.0,4.0,2.0,4.0,5.0,3.0,6.0,12.0
270,L73,- Outras afecções foliculares,16.0,15.0,24.0,24.0,21.0,30.0,23.0,21.0,19.0,12.0,17.0,19.0,12.0
271,L84,- Calos e calosidades,46.0,73.0,66.0,72.0,59.0,77.0,46.0,64.0,65.0,71.0,56.0,41.0,12.0
272,L90,- Afecções atróficas da pele,17.0,25.0,32.0,27.0,21.0,25.0,25.0,23.0,22.0,13.0,18.0,25.0,12.0
273,L91,- Afecções hipertróficas da pele,21.0,24.0,31.0,23.0,34.0,30.0,28.0,23.0,17.0,21.0,24.0,21.0,12.0
274,L93,- Lúpus eritematoso,38.0,68.0,72.0,67.0,61.0,63.0,54.0,53.0,54.0,63.0,49.0,47.0,12.0
275,M02,- Artropatias reacionais,9.0,13.0,12.0,5.0,13.0,9.0,4.0,10.0,10.0,13.0,7.0,5.0,13.0
276,M05,- Artrite reumatóide soro-positiva,232.0,284.0,401.0,383.0,353.0,326.0,249.0,311.0,256.0,214.0,258.0,225.0,13.0
277,M06,- Outras artrites reumatóides,171.0,239.0,327.0,282.0,247.0,274.0,182.0,229.0,219.0,176.0,203.0,186.0,13.0
278,M08,- Artrite juvenil,11.0,8.0,9.0,9.0,12.0,10.0,6.0,13.0,7.0,8.0,5.0,7.0,13.0
279,M10,- Gota,73.0,103.0,148.0,128.0,117.0,103.0,90.0,112.0,101.0,77.0,83.0,72.0,13.0
280,M12,- Outras artropatias especificadas,19.0,20.0,29.0,29.0,16.0,18.0,17.0,15.0,23.0,16.0,18.0,17.0,13.0
281,M13,- Outras artrites,73.0,112.0,153.0,122.0,121.0,138.0,113.0,126.0,111.0,91.0,108.0,91.0,13.0
282,M15,- Poliartrose,156.0,177.0,250.0,214.0,174.0,202.0,170.0,153.0,117.0,130.0,135.0,93.0,13.0
283,M16,- Coxartrose [artrose do quadril],558.0,733.0,1038.0,856.0,842.0,862.0,725.0,724.0,689.0,631.0,653.0,554.0,13.0
284,M17,- Gonartrose [artrose do joelho],995.0,1317.0,1801.0,1516.0,1539.0,1561.0,1286.0,1357.0,1143.0,1078.0,1095.0,1003.0,13.0
285,M19,- Outras artroses,428.0,555.0,737.0,602.0,634.0,629.0,472.0,519.0,423.0,446.0,485.0,387.0,13.0
286,M22,- Transtornos da rótula [patela],157.0,235.0,313.0,284.0,244.0,243.0,213.0,240.0,204.0,163.0,195.0,150.0,13.0
287,M23,- Transtornos internos dos joelhos,2948.0,3968.0,4978.0,4322.0,4388.0,4343.0,3545.0,3927.0,3433.0,3177.0,3283.0,2894.0,13.0
288,M31,- Outras vasculopatias necrotizantes,17.0,21.0,22.0,19.0,13.0,15.0,14.0,18.0,13.0,14.0,6.0,15.0,13.0
289,M33,- Dermatopoliomiosite,21.0,24.0,40.0,34.0,23.0,24.0,23.0,23.0,19.0,22.0,21.0,17.0,13.0
290,M34,- Esclerose sistêmica,20.0,26.0,31.0,27.0,27.0,29.0,38.0,31.0,30.0,17.0,23.0,28.0,13.0
291,M41,- Escoliose,76.0,86.0,130.0,120.0,95.0,110.0,107.0,132.0,110.0,96.0,110.0,94.0,13.0
292,M42,- Osteocondrose da coluna vertebral,4.0,6.0,10.0,10.0,8.0,3.0,2.0,2.0,2.0,3.0,3.0,5.0,13.0
293,M43,- Outras dorsopatias deformantes,98.0,111.0,138.0,109.0,139.0,126.0,89.0,120.0,96.0,99.0,118.0,107.0,13.0
294,M45,- Espondilite ancilosante,79.0,117.0,142.0,131.0,133.0,119.0,99.0,109.0,97.0,78.0,84.0,86.0,13.0
295,M47,- Espondilose,197.0,293.0,401.0,346.0,333.0,364.0,317.0,328.0,330.0,281.0,371.0,280.0,13.0
296,M48,- Outras espondilopatias,68.0,77.0,112.0,108.0,97.0,104.0,73.0,85.0,61.0,70.0,66.0,73.0,13.0
297,M50,- Transtornos dos discos cervicais,450.0,505.0,624.0,572.0,624.0,563.0,444.0,529.0,455.0,405.0,457.0,430.0,13.0
298,M54,- Dorsalgia,6374.0,8566.0,11558.0,10047.0,10030.0,9882.0,7706.0,8577.0,7685.0,6814.0,7263.0,6215.0,13.0
299,M62,- Outros transtornos musculares,103.0,146.0,173.0,156.0,127.0,137.0,117.0,154.0,125.0,138.0,160.0,123.0,13.0
300,M65,- Sinovite e tenossinovite,1468.0,1912.0,2486.0,2206.0,2262.0,2116.0,1677.0,1922.0,1755.0,1553.0,1593.0,1351.0,13.0
301,M71,- Outras bursopatias,140.0,193.0,280.0,239.0,241.0,246.0,171.0,229.0,230.0,161.0,164.0,190.0,13.0
302,M72,- Transtornos fibroblásticos,127.0,172.0,215.0,198.0,199.0,202.0,149.0,161.0,139.0,125.0,135.0,128.0,13.0
303,M75,- Lesões do ombro,3203.0,4284.0,5591.0,4752.0,4879.0,5023.0,4070.0,4672.0,4071.0,3595.0,3865.0,3291.0,13.0
304,M77,- Outras entesopatias,577.0,773.0,1027.0,911.0,894.0,867.0,634.0,777.0,687.0,597.0,682.0,541.0,13.0
305,M81,- Osteoporose sem fratura patológica,17.0,21.0,18.0,13.0,21.0,8.0,8.0,15.0,10.0,8.0,15.0,12.0,13.0
306,M83,- Osteomalácia do adulto,3.0,7.0,5.0,2.0,4.0,3.0,5.0,6.0,3.0,2.0,7.0,2.0,13.0
307,M86,- Osteomielite,140.0,137.0,205.0,188.0,196.0,193.0,171.0,166.0,157.0,127.0,150.0,128.0,13.0
308,M87,- Osteonecrose,98.0,114.0,142.0,156.0,144.0,130.0,101.0,121.0,105.0,92.0,114.0,100.0,13.0
309,M89,- Outros transtornos ósseos,22.0,22.0,23.0,25.0,35.0,28.0,23.0,17.0,19.0,10.0,19.0,21.0,13.0
310,M92,- Outras osteocondroses juvenis,10.0,10.0,10.0,5.0,10.0,17.0,4.0,8.0,6.0,5.0,7.0,13.0,13.0
311,M93,- Outras osteocondropatias,36.0,52.0,71.0,51.0,54.0,49.0,47.0,43.0,55.0,48.0,41.0,37.0,13.0
312,M94,- Outros transtornos das cartilagens,26.0,35.0,47.0,32.0,40.0,32.0,36.0,30.0,28.0,37.0,24.0,19.0,13.0
313,N04,- Síndrome nefrótica,29.0,40.0,71.0,46.0,38.0,44.0,36.0,41.0,36.0,34.0,31.0,30.0,14.0
314,N11,- Nefrite túbulo-intersticial crônica,31.0,55.0,79.0,56.0,66.0,59.0,44.0,53.0,49.0,46.0,42.0,46.0,14.0
315,N13,- Uropatia obstrutiva e por refluxo,80.0,100.0,131.0,104.0,104.0,108.0,75.0,109.0,91.0,61.0,73.0,66.0,14.0
316,N18,- Insuficiência renal crônica,440.0,565.0,753.0,639.0,614.0,587.0,552.0,585.0,513.0,470.0,526.0,460.0,14.0
317,N19,- Insuficiência renal não especificada,38.0,48.0,53.0,39.0,41.0,32.0,40.0,45.0,31.0,47.0,29.0,34.0,14.0
318,N21,- Calculose do trato urinário inferior,58.0,87.0,111.0,87.0,87.0,90.0,80.0,62.0,59.0,52.0,59.0,50.0,14.0
319,N23,- Cólica nefrética não especificada,55.0,91.0,112.0,106.0,110.0,115.0,90.0,101.0,65.0,76.0,76.0,63.0,14.0
320,N26,"- Rim contraído, não especificado",6.0,6.0,14.0,8.0,5.0,6.0,2.0,6.0,8.0,1.0,9.0,7.0,14.0
321,N32,- Outros transtornos da bexiga,36.0,36.0,41.0,48.0,33.0,55.0,36.0,49.0,39.0,38.0,49.0,35.0,14.0
322,N34,- Uretrite e síndrome uretral,1.0,7.0,11.0,3.0,4.0,13.0,2.0,2.0,1.0,3.0,4.0,4.0,14.0
323,N35,- Estenose da uretra,46.0,58.0,77.0,78.0,80.0,72.0,50.0,60.0,55.0,42.0,56.0,49.0,14.0
324,N36,- Outros transtornos da uretra,4.0,14.0,11.0,11.0,10.0,12.0,13.0,9.0,11.0,12.0,10.0,13.0,14.0
325,N39,- Outros transtornos do trato urinário,216.0,282.0,338.0,260.0,315.0,292.0,226.0,238.0,228.0,214.0,236.0,200.0,14.0
326,N41,- Doenças inflamatórias da próstata,21.0,19.0,36.0,20.0,21.0,26.0,19.0,20.0,22.0,13.0,27.0,19.0,14.0
327,N42,- Outras afecções da próstata,7.0,8.0,6.0,5.0,7.0,2.0,5.0,3.0,5.0,7.0,3.0,3.0,14.0
328,N43,- Hidrocele e espermatocele,135.0,203.0,255.0,210.0,235.0,200.0,182.0,214.0,187.0,162.0,171.0,154.0,14.0
329,N44,- Torção do testículo,15.0,29.0,23.0,18.0,16.0,23.0,18.0,32.0,31.0,14.0,20.0,12.0,14.0
330,N45,- Orquite e epididimite,38.0,52.0,89.0,82.0,63.0,58.0,60.0,61.0,49.0,49.0,53.0,47.0,14.0
331,N46,- Infertilidade masculina,5.0,3.0,4.0,1.0,4.0,4.0,5.0,5.0,3.0,7.0,3.0,2.0,14.0
332,N48,- Outros transtornos do pênis,18.0,24.0,30.0,19.0,26.0,22.0,29.0,24.0,17.0,20.0,22.0,21.0,14.0
333,N61,- Transtornos inflamatórios da mama,11.0,39.0,31.0,36.0,32.0,26.0,25.0,31.0,24.0,19.0,22.0,18.0,14.0
334,N62,- Hipertrofia da mama,277.0,387.0,522.0,400.0,391.0,404.0,377.0,412.0,357.0,302.0,344.0,282.0,14.0
335,N63,- Nódulo mamário não especificado,155.0,262.0,323.0,268.0,307.0,305.0,217.0,261.0,256.0,215.0,218.0,173.0,14.0
336,N64,- Outras doenças da mama,106.0,147.0,184.0,166.0,157.0,181.0,131.0,174.0,139.0,123.0,120.0,117.0,14.0
337,N75,- Doenças da glândula de Bartholin,42.0,47.0,87.0,78.0,65.0,75.0,46.0,60.0,59.0,44.0,52.0,35.0,14.0
338,N81,- Prolapso genital feminino,516.0,739.0,893.0,759.0,732.0,770.0,609.0,785.0,645.0,593.0,639.0,518.0,14.0
339,N82,- Fístulas do trato genital feminino,19.0,24.0,22.0,25.0,25.0,25.0,11.0,28.0,21.0,18.0,25.0,12.0,14.0
340,N84,- Pólipo do trato genital feminino,52.0,68.0,101.0,80.0,73.0,93.0,75.0,82.0,71.0,70.0,51.0,66.0,14.0
341,N87,- Displasia do colo do útero,38.0,74.0,94.0,75.0,68.0,70.0,62.0,85.0,73.0,63.0,61.0,60.0,14.0
342,N96,- Abortamento habitual,11.0,31.0,21.0,22.0,29.0,18.0,24.0,19.0,19.0,18.0,20.0,20.0,14.0
343,N97,- Infertilidade feminina,12.0,10.0,15.0,21.0,17.0,14.0,17.0,15.0,13.0,16.0,10.0,6.0,14.0
344,S01,- Ferimento da cabeça,41.0,65.0,127.0,94.0,85.0,93.0,68.0,62.0,75.0,59.0,73.0,70.0,19.0
345,S02,- Fratura do crânio e dos ossos da face,396.0,490.0,703.0,608.0,607.0,600.0,442.0,615.0,472.0,404.0,454.0,408.0,19.0
346,S04,- Traumatismo dos nervos cranianos,6.0,7.0,7.0,7.0,11.0,7.0,8.0,16.0,12.0,8.0,17.0,9.0,19.0
347,S06,- Traumatismo intracraniano,650.0,840.0,1193.0,949.0,947.0,930.0,738.0,882.0,773.0,676.0,764.0,649.0,19.0
348,S11,- Ferimento do pescoço,13.0,18.0,25.0,19.0,17.0,11.0,18.0,15.0,15.0,9.0,14.0,10.0,19.0
349,S12,- Fratura do pescoço,118.0,188.0,253.0,189.0,202.0,165.0,127.0,185.0,134.0,156.0,152.0,116.0,19.0
350,S21,- Ferimento do tórax,48.0,61.0,63.0,55.0,66.0,52.0,47.0,39.0,41.0,51.0,41.0,27.0,19.0
351,S32,- Fratura da coluna lombar e da pelve,691.0,944.0,1219.0,1019.0,926.0,913.0,729.0,874.0,744.0,698.0,728.0,703.0,19.0
352,S41,- Ferimento do ombro e do braço,36.0,50.0,69.0,51.0,35.0,45.0,32.0,40.0,42.0,36.0,31.0,34.0,19.0
353,S42,- Fratura do ombro e do braço,2692.0,3853.0,5033.0,4144.0,4033.0,3849.0,3131.0,3469.0,3192.0,2968.0,3184.0,2866.0,19.0
354,S51,- Ferimento do antebraço,89.0,111.0,139.0,137.0,141.0,105.0,69.0,90.0,94.0,69.0,97.0,89.0,19.0
355,S52,- Fratura do antebraço,3937.0,5596.0,7233.0,5796.0,5653.0,5509.0,4281.0,4970.0,4430.0,4236.0,4649.0,4025.0,19.0
356,S61,- Ferimento do punho e da mão,522.0,750.0,1002.0,866.0,831.0,773.0,638.0,742.0,652.0,540.0,592.0,548.0,19.0
357,S62,- Fratura ao nível do punho e da mão,4481.0,6132.0,7967.0,6232.0,6366.0,6115.0,4843.0,5732.0,5234.0,4791.0,5187.0,4412.0,19.0
358,S71,- Ferimento do quadril e da coxa,38.0,68.0,87.0,60.0,84.0,62.0,61.0,55.0,45.0,49.0,58.0,49.0,19.0
359,S72,- Fratura do fêmur,989.0,1386.0,1839.0,1386.0,1388.0,1317.0,1117.0,1226.0,1102.0,1028.0,1158.0,1025.0,19.0
360,S81,- Ferimento da perna,286.0,438.0,548.0,518.0,445.0,443.0,326.0,384.0,329.0,293.0,316.0,344.0,19.0
361,S82,"- Fratura da perna, incluindo tornozelo",5865.0,8386.0,10630.0,8572.0,8221.0,8019.0,6583.0,7530.0,6682.0,6364.0,6834.0,5905.0,19.0
362,S88,- Amputação traumática da perna,29.0,48.0,61.0,55.0,38.0,38.0,34.0,31.0,35.0,23.0,32.0,22.0,19.0
363,S91,- Ferimentos do tornozelo e do pé,295.0,522.0,673.0,565.0,565.0,500.0,367.0,436.0,355.0,339.0,378.0,338.0,19.0
364,S92,- Fratura do pé (exceto do tornozelo),3729.0,5230.0,6878.0,5520.0,5436.0,5213.0,3805.0,4503.0,4071.0,3794.0,4260.0,3690.0,19.0
365,T21,- Queimadura e corrosão do tronco,28.0,41.0,37.0,35.0,33.0,31.0,19.0,22.0,28.0,20.0,24.0,25.0,19.0
366,T75,- Efeitos de outras causas externas,3.0,2.0,6.0,8.0,5.0,7.0,5.0,2.0,3.0,2.0,2.0,1.0,19.0
367,O01,- Mola hidatiforme,12.0,22.0,28.0,22.0,23.0,15.0,16.0,18.0,11.0,8.0,19.0,10.0,15.0
368,O03,- Aborto espontâneo,170.0,224.0,266.0,219.0,235.0,209.0,206.0,209.0,179.0,169.0,194.0,177.0,15.0
369,O05,- Outros tipos de aborto,6.0,9.0,10.0,10.0,15.0,9.0,10.0,7.0,13.0,6.0,7.0,10.0,15.0
370,O06,- Aborto não especificado,39.0,46.0,62.0,46.0,38.0,52.0,35.0,37.0,45.0,39.0,56.0,38.0,15.0
371,O15,- Eclâmpsia,13.0,20.0,23.0,13.0,15.0,13.0,10.0,15.0,8.0,11.0,16.0,14.0,15.0
372,O21,- Vômitos excessivos na gravidez,195.0,235.0,274.0,269.0,241.0,200.0,153.0,151.0,183.0,172.0,182.0,189.0,15.0
373,O22,- Complicações venosas na gravidez,63.0,66.0,78.0,72.0,56.0,49.0,48.0,52.0,40.0,40.0,43.0,58.0,15.0
374,O24,- Diabetes mellitus na gravidez,104.0,122.0,147.0,117.0,113.0,131.0,94.0,92.0,97.0,98.0,105.0,99.0,15.0
375,O40,- Polihidrâmnio,8.0,10.0,23.0,14.0,18.0,13.0,17.0,19.0,5.0,4.0,14.0,14.0,15.0
376,O42,- Ruptura prematura de membranas,20.0,30.0,34.0,31.0,38.0,37.0,17.0,28.0,21.0,23.0,23.0,23.0,15.0
377,O43,- Transtornos da placenta,23.0,34.0,36.0,26.0,33.0,25.0,22.0,29.0,28.0,20.0,23.0,23.0,15.0
378,O44,- Placenta prévia,156.0,197.0,246.0,177.0,191.0,204.0,150.0,165.0,147.0,140.0,180.0,142.0,15.0
379,O47,- Falso trabalho de parto,247.0,320.0,375.0,360.0,320.0,332.0,227.0,240.0,265.0,187.0,218.0,206.0,15.0
380,O48,- Gravidez prolongada,2.0,2.0,2.0,2.0,1.0,2.0,3.0,1.0,2.0,2.0,2.0,2.0,15.0
381,O62,- Anormalidades da contração uterina,352.0,525.0,636.0,517.0,513.0,448.0,372.0,422.0,341.0,304.0,336.0,295.0,15.0
382,O71,- Outros traumatismos obstétricos,4.0,3.0,3.0,4.0,1.0,6.0,3.0,3.0,3.0,3.0,2.0,3.0,15.0
383,O72,- Hemorragia pós-parto,3.0,11.0,5.0,9.0,10.0,9.0,8.0,4.0,4.0,7.0,3.0,3.0,15.0
384,O82,- Parto único por cesariana,7.0,9.0,26.0,10.0,10.0,5.0,10.0,10.0,9.0,3.0,9.0,3.0,15.0
385,Q37,- Fenda labial com fenda palatina,14.0,10.0,16.0,9.0,10.0,9.0,6.0,9.0,8.0,8.0,7.0,6.0,17.0
386,Q53,- Testículo não-descido,6.0,6.0,6.0,13.0,13.0,8.0,11.0,8.0,6.0,9.0,7.0,8.0,17.0
387,Q61,- Doenças císticas do rim,6.0,12.0,15.0,17.0,16.0,15.0,22.0,15.0,7.0,10.0,14.0,13.0,17.0
388,Q66,- Deformidades congênitas do pé,45.0,46.0,81.0,68.0,64.0,48.0,45.0,66.0,49.0,44.0,51.0,39.0,17.0
389,Q70,- Sindactilia,5.0,2.0,1.0,3.0,4.0,4.0,3.0,3.0,3.0,2.0,3.0,3.0,17.0
390,Q78,- Outras osteocondrodisplasias,4.0,16.0,11.0,9.0,13.0,14.0,4.0,15.0,9.0,3.0,8.0,8.0,17.0
391,Q83,- Malformações congênitas da mama,30.0,46.0,51.0,38.0,44.0,52.0,24.0,48.0,39.0,33.0,29.0,23.0,17.0
392,R04,- Hemorragia das vias respiratórias,7.0,15.0,19.0,7.0,9.0,13.0,11.0,13.0,8.0,10.0,11.0,14.0,18.0
393,R05,- Tosse,2.0,6.0,9.0,11.0,12.0,11.0,11.0,17.0,7.0,8.0,6.0,9.0,18.0
394,R06,- Anormalidades da respiração,4.0,1.0,11.0,5.0,6.0,4.0,11.0,6.0,1.0,4.0,3.0,3.0,18.0
395,R07,- Dor de garganta e no peito,43.0,57.0,58.0,63.0,60.0,58.0,50.0,62.0,62.0,41.0,55.0,43.0,18.0
396,R11,- Náusea e vômitos,9.0,12.0,9.0,9.0,13.0,8.0,8.0,9.0,8.0,8.0,9.0,7.0,18.0
397,R13,- Disfagia,1.0,2.0,5.0,3.0,2.0,1.0,3.0,4.0,1.0,1.0,1.0,3.0,18.0
398,R15,- Incontinência fecal,4.0,7.0,3.0,5.0,5.0,6.0,7.0,5.0,6.0,6.0,3.0,7.0,18.0
399,R17,- Icterícia não especificada,10.0,14.0,7.0,21.0,19.0,16.0,15.0,10.0,12.0,13.0,18.0,15.0,18.0
400,R18,- Ascite,4.0,7.0,13.0,11.0,10.0,10.0,3.0,9.0,8.0,8.0,9.0,5.0,18.0
401,R23,- Outras alterações cutâneas,3.0,6.0,6.0,9.0,4.0,6.0,5.0,3.0,4.0,1.0,5.0,2.0,18.0
402,R27,- Outros distúrbios da coordenação,5.0,5.0,3.0,7.0,11.0,7.0,7.0,7.0,9.0,5.0,4.0,2.0,18.0
403,R31,- Hematúria não especificada,2.0,1.0,8.0,6.0,7.0,8.0,8.0,2.0,6.0,8.0,4.0,2.0,18.0
404,R33,- Retenção urinária,7.0,12.0,17.0,17.0,20.0,17.0,18.0,16.0,16.0,12.0,14.0,8.0,18.0
405,R42,- Tontura e instabilidade,38.0,48.0,69.0,59.0,57.0,56.0,48.0,60.0,47.0,42.0,44.0,40.0,18.0
406,R49,- Distúrbios da voz,53.0,74.0,84.0,70.0,75.0,66.0,83.0,64.0,74.0,71.0,53.0,35.0,18.0
407,R51,- Cefaléia,51.0,67.0,101.0,67.0,62.0,79.0,64.0,70.0,61.0,67.0,71.0,54.0,18.0
408,R52,- Dor não classificada em outra parte,27.0,64.0,85.0,69.0,76.0,94.0,60.0,66.0,47.0,55.0,59.0,46.0,18.0
409,R53,"- Mal estar, fadiga",5.0,7.0,13.0,16.0,12.0,11.0,6.0,7.0,3.0,2.0,6.0,6.0,18.0
410,R55,- Síncope e colapso,27.0,34.0,30.0,24.0,30.0,28.0,26.0,23.0,23.0,19.0,30.0,22.0,18.0
411,R61,- Hiperidrose,7.0,7.0,9.0,6.0,10.0,12.0,8.0,6.0,6.0,5.0,2.0,8.0,18.0
412,R68,- Outros sintomas e sinais gerais,3.0,11.0,4.0,7.0,6.0,8.0,12.0,7.0,10.0,5.0,7.0,3.0,18.0
413,W19,- Queda sem especificação,3.0,8.0,7.0,9.0,1.0,5.0,7.0,5.0,4.0,6.0,2.0,8.0,20.0
414,W32,- Projétil de revólver,13.0,11.0,13.0,9.0,9.0,4.0,6.0,10.0,9.0,4.0,5.0,5.0,20.0
415,X21,- Contato com aranhas venenosas,4.0,3.0,2.0,6.0,4.0,1.0,2.0,5.0,2.0,3.0,1.0,2.0,20.0
416,Y04,- Agressão por meio de força corporal,4.0,1.0,1.0,1.0,3.0,7.0,2.0,2.0,2.0,2.0,4.0,1.0,20.0
417,Y86,- Seqüelas de outros acidentes,2.0,6.0,6.0,2.0,4.0,2.0,3.0,3.0,5.0,1.0,5.0,1.0,20.0
418,Y89,- Seqüelas de outras causas externas,3.0,8.0,14.0,12.0,9.0,8.0,6.0,15.0,3.0,5.0,5.0,5.0,20.0
419,Z31,- Medidas de procriação,2.0,3.0,2.0,1.0,1.0,4.0,7.0,7.0,3.0,4.0,1.0,3.0,21.0
420,Z32,- Exame ou teste de gravidez,47.0,73.0,95.0,62.0,83.0,92.0,73.0,86.0,52.0,53.0,62.0,58.0,21.0
421,Z33,- Gravidez como achado casual,6.0,19.0,17.0,13.0,19.0,21.0,10.0,19.0,10.0,8.0,19.0,9.0,21.0
422,Z35,- Supervisão de gravidez de alto risco,21.0,18.0,12.0,5.0,4.0,2.0,7.0,5.0,2.0,7.0,12.0,9.0,21.0
423,Z48,- Outro seguimento cirúrgico,26.0,36.0,54.0,43.0,37.0,47.0,41.0,77.0,53.0,41.0,46.0,34.0,21.0
424,Z51,- Outros cuidados médicos,7.0,9.0,10.0,8.0,8.0,10.0,3.0,4.0,6.0,3.0,8.0,10.0,21.0
425,Z52,- Doadores de órgãos e tecidos,23.0,34.0,37.0,43.0,40.0,36.0,27.0,30.0,27.0,37.0,27.0,24.0,21.0
426,Z93,- Orifícios artificiais,5.0,11.0,18.0,7.0,10.0,13.0,8.0,13.0,10.0,18.0,15.0,11.0,21.0
427,Z94,- Órgãos e tecidos transplantados,45.0,40.0,79.0,55.0,61.0,58.0,49.0,50.0,56.0,36.0,51.0,39.0,21.0
428,Z98,- Outros estados pós-cirúrgicos,162.0,180.0,276.0,259.0,273.0,331.0,254.0,244.0,237.0,237.0,305.0,247.0,21.0
429,,,82706.0,113712.0,147966.0,124092.0,123657.0,121529.0,97263.0,111517.0,98637.0,89706.0,96706.0,84573.0,4134.0
